{
  "project_info": {
    "project_number": "969335092916",
    "firebase_url": "https://maizeplant-1ae8a-default-rtdb.firebaseio.com",
    "project_id": "maizeplant-1ae8a",
    "storage_bucket": "maizeplant-1ae8a.appspot.com"
  },
  "client": [
    {
      "client_info": {
        "mobilesdk_app_id": "1:969335092916:android:529bea70763c68eb9b09e1",
        "android_client_info": {
          "package_name": "com.example.maizeplant"
        }
      },
      "oauth_client": [
        {
          "client_id": "969335092916-h08m59fiob0bv1r9ot20alg0og00gnk8.apps.googleusercontent.com",
          "client_type": 3
        }
      ],
      "api_key": [
        {
          "current_key": "AIzaSyA8IwTsnRZrziadSMLAkR4X5bKwUbuWH1E"
        }
      ],
      "services": {
        "appinvite_service": {
          "other_platform_oauth_client": [
            {
              "client_id": "969335092916-h08m59fiob0bv1r9ot20alg0og00gnk8.apps.googleusercontent.com",
              "client_type": 3
            },
            {
              "client_id": "969335092916-m4ntrc38o661b66oejrfv5178eediecs.apps.googleusercontent.com",
              "client_type": 2,
              "ios_info": {
                "bundle_id": "com.example.maizeplant"
              }
            }
          ]
        }
      }
    }
  ],
  "configuration_version": "1"
}